song,artist,class
Salario Garantito Versione Strumentale,99 Posse,10
SpritlAYten,Ronny Eriksson,10
Soliloquy 2001 Digital Remaster,Gordon MacRae,10
Oprah Album Version,Kathleen Madigan,10
Someday,Mariah Carey,10
Baby I Need Your Loving,Delroy Wilson,10
The Moon Was Yellow,Russ Morgan,10
Above The Rainbow,Flora Purim,10
Grow Proper,I Wayne,10
Ai Ji Mei Gui 1000 Da,Sandy Lam,10
Caroline LP Version,Billy Pilgrim,10
Scrap,Tin Hat Trio,10
Streets On Fire,Vivian,10
Girls All Pause,Kurupt,10
Boar Hog Blues,Jazz Gillum,10
All Through The Night Album,Bowen Robin Huw,10
I'm Just Raw prod Dan the Automator Main,Lyrics Born,10
Talk,Bert Kaempfert And His Orchestra,10
Beauty Queen 12 Spoon Club Mix,SNAP,10
Spanish Grease,Nestor Torres,10
Blood Children an Introduction Album Version,Atreyu,10
Hello How Ya Been Goodbye  LP Version,Guitar Slim,10
Why We Thugs edited version,Ice Cube,10
Knuckle Up,Mykill Miers,10
Punchdrunk,BAcla Fleck,10
Like A Hurricane,Eddy Raven,10
I Never Did No Hitler,2020,10
Albinoni's Adagio In G Minor LP Version,The Doors,10
Isle of St Helena,Mary Black  General Humbert,10
Talk Like POP,Melt Banana,10
The First Noel,Carl Doy with NZSO,10
Dr Bernice,Cracker,10
Brazil Mon Amour,Zen Lemonade,10
You're Crazy,Guns N' Roses,10
Keysage,Vicious Mary,10
Letter To Heaven,Dolly Parton,10
Iron Man,The Cardigans,10
Pecado De Amor,JosAc Augusto,10
Plage de Belle Maison,Thomas Battenstein,10
Tian Cai Yu Bai Chi Zhi Tian Cai Bai Chi Meng,Leo Ku,10
Mein Herz kann man nicht kaufen,Gall France,10
Space Station Liberty,Scott Glasgow,10
Listen,FFH,10
Stardust,Henry Mancini,10
Yo Soy Abacua,Bobby Valentin,10
The Room,Bruce Carroll,10
Har vi rAYd att i dagens lAge ha kvar vAYra vAnner i socialgrupp 3,GAPsta Ekman  Tage Danielsson,10
La Marca De Tus Labios,Sergio Dalma,10
Moritat Mack The Knife,Bobby Darin,10
We Are Not Impartial,The Chap,10
Bagdad by night,MinistAre des Affaires Populaires,10
Merry Christmas Baby,The Continentals,10
Abused And Unloved,Malefaction,10
Morning Has Broken,Bill Murk,10
Kui rebeneb taevas,MetsatAPll,10
Is It A Sin,Deepest Blue,10
For You,Mr Lif,10
Playboy Theme,Bob Wills,10
You Rascal You,Bob Margolin,10
Scientas,Shamen,10
Stop The World,RIDDLIN' KIDS,10
L'ombre d'une chance,Eric Demarsan,10
Kite Live from Sydney,U2,10
deine liebe,kaleidoskop,10
Luv,Stan,10
I Don't Like You,BuzzovAen,10
Aya Benzer 2003 Moonlight,Mustafa Sandal  GA14lcan,10
The Book of Disquiet,Hey Colossus,10
I Am A Pilgrim,Michael Bloomfield,10
Does It Float,Dinosaur Jr,10
Monarchy Now,Falco,10
Rock Bottom  Shoot Shoot,UFO,10
Lost Circles,React,10
Stars GROWTH Ultraviolence Mix,Ultraviolence,10
A Somber Wind from a Distant Shore Album,Canis Dirus,10
Slide In  Slide Out,Capital Tax,10
Amor Bonito,Pablo Montero,10
Party,Rodney O  Joe Cooley,10
Beachport,Click  Click MFerri,10
BoomShackALack 12 Mmix  Bonus Tra,Junior Reid,10
Under The Palms,Photek,10
You Are The One,JC Lodge,10
Mi Musica Es Para Ti  Original,Johnny Pacheco,10
The Wedding Samba,Edmundo Ros,10
Spain,Neviss,10
Hungry People,Otis Taylor,10
Hold On Tight,Lambda,10
Two Wheels In the Ditch,Undertakin' Daddies,10
The Joes Mobilize,Alan Silvestri,10
RAcjouissance I'll Cry Instead,Joshua Rifkin,10
Twilight,Vangelis,10
Lift Jesus Up,The Jackson Southernaires,10
Color of Seasons,TrAs,10
How Can You Resist It,Teena Marie,10
Un Minuto Contigo One Moment,Edmundo Ros,10
Jump Jacques Lu Cont Edit,Madonna,10
Real People Cybernetic Dub,Apache Indian,10
Live At Fabbricaeuropa Florence 1,Symbiosis Orchestra,10
TAo,Shakira,10
Bury Your Head Acoustic,Saosin,10
Madazulu,Deep Forest,10
He'll Have To Go,Frank Ifield,10
Suk The Blood,Lil Mz 313 featuring DJ Rashad,10
As The Hog Pisseth,All Leather,10
Insatiable Instrumental Version,Clp,10
Turn Up The Bass,Fast Eddie featuring Kool Rock,10
See You On The Other Side,Ben Sidran,10
Ja Nun Hons Pris,Bryan Ferry,10
New Pin edit,Oceansize,10
Karottensaft,Protein,10
Keep It Going Louder Tom Stephan Harder Mix,Major Lazer,10
Nothing But The Best,White Heart,10
Wei Liang,Sandy Lam,10
Conqueror Worm,Tsar,10
Eoarchaean,The Ocean,10
Lil Stuntin,Tum Tum,10
Three Bells  Les 3 cloches,Leon Russel,10
Between Hell and A Heartbeat Explicit,Hatebreed int License,10
Wig,The B52's,10
Frieda,David Benoit,10
Headless Heroes LP Version,Eugene McDaniels,10
Drumroll We're All Thirsty,POS,10
Good Rocking Tonight,Roy Brown,10
The Cube Live,SUP,10
Sayin' Dope,The Bucketheads,10
Atmosphere Station,James Horner,10
Broken Hearted Side Of New Orleans,JoEl Sonnier,10
Release,LORE,10
Fruko's  Boogaloo,Fruko Y Sus Tesos,10
Prefiero Decir Adios,Gisselle,10
Givin' My Love,Clay Crosse,10
In This Skin,Jessica Simpson,10
Never Be Ready,Mat Kearney,10
Freedom LP Version,Wayne Watson,10
Angie 1993 Digital Remaster,The Rolling Stones,10
Gallows Album Version,Atreyu,10
No Control,Eddie,10
Lindas Africanas,Africando,10
Pode Me Chamar,Eddie,10
Warten,Andreas Dorau,10
Sound Clash,Dream Warriors,10
Ich bleib so wie ich bin,Eko Fresh feat Ado,10
Good Question  LP Version,Lee Ritenour,10
Adrift,Jack Johnson,10
Other Side Of Antarctica,Vangelis,10
Cherry,UFO,10
Across Decker's Field,Stewart Francke,10
Da Da Da Da,Tha Liks,10
Spelling Beatnuts with Lil' Donny,Beatnuts with Lil' Donny,10
The Look Of Love,Gary Hobbs,10
Min Xechnas Forse,Dakis,10
Say Say Say Waiting 4 U Tocadisco's Not Guilty Remix,HiTack,10
The World'll Be OK,Teenage Fanclub,10
A Fool's Advice,Joe Grushecky,10
FoliAPSo Ausente,Spok Frevo Orquestra,10
National Fencibles March,Henry Mancini,10
Sweet Child O' Mine,Guns N' Roses,10
Psychopath,Lizzy Borden,10
Izgaryam,Lili Ivanova,10
Hold On Baby,Janet Jackson,10
Freight Train,Elizabeth Cotten,10
Love Unlimited Remix Explicit,Fun Lovin' Criminals,10
Loveless,Tullycraft,10
Travellin' Album Version,The Jeremy Spencer Band,10
These Days,Ayo,10
La clAc parfumAce,Gabriel Yared,10
Drunk Alone,React,10
Kinky Afro Remastered Version,Happy Mondays,10
Ship in a Painting,Gabriel Yared,10
Suburban Living,Yuppie Pricks,10
Ten Thousand Angels,Mindy McCready,10
Canon In D,Tom Barabas,10
Qing Yi Shi,Leon Lai,10
COG To The ATL,DJ Taz,10
Red Apple Juice LP Version,The Tarriers,10
Martha Served,I Hate Sally,10
Touch You,Sandy Posey,10
Sidney Gorgeous,Claire Hamill,10
Nom' Mayi,DAcdAc Saint Prix Pakatak,10
Anarchy in the UK Sex Pistols Bonus Track,Adrenalin OD,10
Stand Album Version,Kiss,10
Ghastly Indoctrination,Dark Fortress,10
When She Dances,Joe Bonamassa,10
Blue Lights Flashing,Solitaire,10
Mari Mouri Mary Has Died,Steve Riley  The Mamou Playboys,10
DJ's  MC's,Rodney O Joe Cooley,10
All Mama Ever Wanted  Album,Mark Lowry,10
Sally In the Garden,Kathy Mattea,10
Losin' End LP Version,Michael McDonald,10
My Pillow,Roger Miller,10
Petticoat,The Weegs,10
Year Zero,30 Seconds To Mars,10
On and on,Franco,10
Rinaldo : Act 1 Cor ingrato ti rammembri Rinaldo,Marilyn Horne,10
YOU Album Version,Lonestar,10
Adnans,Orbital,10
Yodelling Mad 2002 Digital Remaster,Frank Ifield,10
Above Lucium LP Version,Daath,10
You Hit The Nail On The Head,Bobby Blue Bland,10
The Gal I Love,Washboard Sam,10
Grateful  Thankful,Francis Dunnery,10
Smoke,Mario Rosenstock,10
Amor que terminA3,Los Solitarios,10
Hechizo,Gran Coquivacoa,10
Bakwetu,Papa Wemba,10
Hear Me Talking To You,Ma Rainey,10
I'll Never Be Able To Tell It All High KeyStudio Track wo Background Vocals,Karen Peck And New River,10
Te Vas Angel Mio,Michael Salgado,10
Sahti Waari,Turisas,10
Like A Prayer Tribute To Madonna,Hot Wire,10
Watermelon Man,Johnny Kidd And The Pirates,10
Liquid Frequencies liquid Soul Mix,liquid soul  freq,10
Doing Time Album Version,Bad Religion,10
Why Can't You Be Mine,Jackie Wilson,10
You Don't Belong,Bad Religion,10
Summer Summer,The Almost,10
On The Boards,Taste,10
Reason With The Beast,Shriekback,10
Ain't No Sunshine,Michael Jackson,10
Wanted Dead Or Alive,LA Guns,10
Wake Up Call Album Version,The Prodigy,10
If Every Day Could Be Christmas,Richie McDonald,10
Georgia,Cartel,10
I Love You More Than You'll Ever Know LP Version,Donny Hathaway,10
Lero Do Bolero,Nana Caymmi,10
Heaven's Hero Featuring Champion Of Love,Greater Vision,10
Sloppy Love Jingle Pt 3 Amended Album Version,Gym Class Heroes,10
Erinnerung an die Meseta,Steinwolke,10
Break,SWAMI featuring Ishmael Morabe,10
Healing,Blessid Union Of Souls,10
Over The River,Bitty McLean,10
Compromise,The Berzerker,10
Dump,Mobb Deep featuring Nate Dogg,10
Kinky Woman,Jimmie Vaughan,10
Tatter Jack Walsh,The Russell Family,10
Revolution Action,Atari Teenage Riot,10
Party For Pink,Michelle  Vickie,10
Climate Control,Uphill Battle,10
It'll All Come Around Album Version,Back Door Slam,10
The Question Is Album Version,The Winans,10
Nobody's Perfect,Mike And The Mechanics,10
Lappi Pt IV EtiAinen,Nightwish,10
I denna ljuva sommartid,Sofia Karlsson,10
1 Molto allegro con fuoco,JeanYves Thibaudet  Gewandhausorchester Leipzig  Herbert Blomstedt,10
Nordfjorloftet,YGGDRASIL,10
Dangerous Dance,Dolores Keane,10
Niev nietch nievitch,Les Ogres De Barback,10
Active,Dark Party,10
Styles P Speaks Interlude,Styles P,10
So Jah Seh,Jackie Edwards,10
Baal's Hymn,David Bowie,10
Occasional Rain,Terry Callier,10
Silver Bells,John Davis,10
Hohoemi No Bakudan YUUYUUHAKUSO Opening Theme,Mawatari Matsuko,10
Larger Than Life,Backstreet Boys,10
Rockout Whatever You Feel Like,Cactus,10
Stephanie Says,The Velvet Underground,10
Bass To Bass,DJ Slugo,10
Early In The Morning,BB King,10
A Castle In The Sky,Marty Robbins,10
South,Bob Wills,10
Warm Spring Night,Claw Hammer,10
Bad People,Casiotone For The Painfully Alone,10
I Don't Know,Teenage Fanclub,10
Wives  LP Version ,Bill Cosby,10
Lusco,BerrogA14etto,10
Here We Go Again,HTown,10
Ragtime Sound,Marcie Blane,10
Worrying Over You,Jackie Edwards,10
Off The Record,Jean Fauque,10
Please Don't Lie To Me,The Fabulous Thunderbirds,10
Wot U Say,Various Production,10
Simple Communication,Jimmy Riley,10
If You Don't Pray For Me,5 Blind Boys Of Alabama,10
The One Who Lives Inside Your Heart,Lari White,10
Parabolics Studies 8,Henri Pousseur,10
Alligator Blues,Sylvester Weaver,10
Barking Dogs From Piouhgd,Butthole Surfers,10
Threadbare Gypsy Soul,Pat Green,10
Le Precipice,Daara J,10
The Things You Do,Slum Village,10
The Cat Came Back,Laurie Berkner,10
Weight Of The World Album Version,Dropline,10
Break Em,Ultra X,10
Price Of The Fire,John Stewart,10
Blue Taxi,Morel,10
Ballin' Radio,Big Rich,10
Kill Miss America Album Version,Murderdolls,10
Locust Reign Live in California,Converge,10
The Sukkubus Lustrate,Belphegor,10
Outro,Rakim,10
America the Beautiful,The Sun Harbor's ChorusDocumentary Recordings,10
Thriller,Fall Out Boy,10
Chaco Album Version,Grant Geissman,10
Abstracted,Scar Symmetry,10
Between Eunice  Opelousas,Steve Riley  The Mamou Playboys,10
Go Back,Crabby Appleton,10
Genius,Kings Of Leon,10
Feel So Stupid Table 9,Darwin's Waiting Room,10
Rave On Live 1982,Marshall Crenshaw,10
Rolo Le Baroudeur,Julien Clerc,10
Bright Lights Big City,Jim Jones  Max B,10
Brother Brick Says,Claw Hammer,10
More Power To Ya,Petra,10
Pocket Full Of Stars,Diesel Boy,10
Primal Forces,Megadrums,10
Miss Elaine,RUNDMC,10
Ugly MF,Asure,10
Shouther to Shouther Shoulder to Shoulder,Harry Lauder,10
Back to '93,Caspa,10
Grim Prospects Version 2 Remix,Schizoid,10
Let It Bleed,Wild Horses,10
Stranded In The Jungle,The New York Dolls,10
De Paris Un Caballero,Barbarito Diez,10
This Very Moment,Set Your Goals,10
Reefer Head Woman,Aerosmith,10
Baila Baila  Vent Remix,Deekline  Wizard,10
Mele Wich Ayee Shaan Remix,Bally Sagoo,10
Platoon  Theme,Georges Delerue,10
The Wrapper,Marco Beltrami,10
Fool For You,Rocky Hill,10
Try Me One More Time,Sonny Terry  Brownie McGhee,10
She's Got A Brain Leli  Zimmerman,Cutting Edge,10
Tis Monaxias Ta Monopatia,Peggy Zina,10
Inherent Scars,Symphony in Peril,10
Posledny Buntar,Kruger,10
So deep,Ann Lee,10
G G Kah,Moonface,10
NonStop Floater,Marcelo Radulovich,10
Sailing To The Edge Of The Earth,The Abominable Iron Sloth,10
Boomerang Reprise,Cirrus,10
Crash And Burn Home Demo,Funeral For A Friend,10
1492,Scarlet's Remains,10
I Don't Care If You Lie C Layne,Magnatune Compilation,10
Noites Cariocas Minhas Noites Sem Sono,Gal Costa,10
All Creatures Of Our God And King,Patty Griffin,10
Something To Remember You By,Ray Conniff,10
Human Cannonball,Loudon Wainwright III,10
Standing Knee Deep In a River Dying Of Thirst,Kathy Mattea,10
Snapshot,Ladybug,10
Meteor Of War Album Version,Rancid,10
Tell Me Why,Smokin' Joe Kubek  Bnois King,10
Knowing You'll Be There,Gaither Vocal Band,10
Cuerda viva,Varios,10
I Still Remember,John Pagano Burt Bacharach,10
Infernal Calling,Satan's Host,10
Pichleh Janam Dee,XLNC,10
Traveling Fast,Pat Metheny,10
Doubt,The Cure,10
I Can't Feel You Anymore,Loretta Lynn,10
CC Ryder,Roy Buchanan,10
Les Noirs Marchant Rudy Van Gelder 24Bit Mastering 2002 Digital Remaster,Bobby Hutcherson,10
East Bay Bounce,Paul Taylor,10
Come On Home,Michael English,10
Cry Baby,The Johnny Otis Orchestra,10
All That You Need,The Brooklyn Tabernacle Choir,10
Atotonilco,Marimba Alma De Chiapas De Juan Palacios,10
Chase,Leona Naess,10
Locaccmaccam,Marc Perrone,10
Seni Unuturum,Ebru GA14ndes,10
Hell,Foo Fighters,10
I Don't Give A FK,DOWN,10
Lake Charles TwoStep,The California Cajun Orchestra,10
Ki An O Ageras Fisa,Nikos Xilouris,10
Des VA'tres,Fredericks Goldman Jones,10
Machinenfunk,1 Futurologischer Congress,10
November Has Come,Gorillaz,10
Your Chance To Rock,Rodney O  Joe Cooley,10
Tus Viejas Cartas,Nicho Hinojosa,10
Fearless Interlude Explicit Album Version,Bone ThugsNHarmony,10
Good Loving,CC Adcock,10
Soldiers Of DoomsdayA ,Winds Of Plague,10
Olive Oil,Happy Mondays,10
Caravane Live 2006,RaphaAl,10
The Christmas Song  LP Version,Nicole Mullen,10
Chicken Fed,Ghetto Mafia,10
Life is Love,NOTONE ftInusa,10
Knight  King 4,Pagan Wanderer Lu,10
Love Is Gone Eddie Thoneick's Liberte Mix,David Guetta  Joachim Garraud  Chris Willis,10
A Poor Man's Roses,Patsy Cline,10
Tell Your Momma Come,Black Eyed Peas,10
6 6 6,Ziggy Marley And The Melody Makers,10
To My Victim's Families,Birds of Prey,10
Krazy In Luv,BeyoncAc,10
I'm Going Through,Edwin Hawkins,10
Mikawa Miya,Novika,10
Anytime You Need A Friend,Mariah Carey,10
Bullmoose LP Version,Bobby Darin,10
Memphis Til' Monday,Bob Cheevers,10
Head Banger,EPMD,10
Angel,Aerosmith,10
Who Cares,Don Gibson,10
What You Deserve Album Version,Ill Nino,10
It's All In My Mind,Teenage Fanclub,10
He Dreams Of Spaceships,Lorna,10
Leo's place,Eric Burdon,10
The Bubble,Tha Liks featuring King T,10
ByeBye  Medley,GA14nter Noris,10
Enchanted Garden,Paul Taylor,10
It Killed Mom,The Oh Sees,10
New Friend Request Amended Version,Gym Class Heroes,10
Wie ein EisbAr sein,Geier Sturzflug,10
Metamorphosis,Sonny Simmons,10
VanhapoikaSeveri,Esa Pakarinen,10
What Is A Woman For BBC In Concert,The Edgar Broughton Band,10
Broken Radio,Jesse Malin,10
White Jetta,Casiotone For The Painfully Alone,10
Superstar Dog,Curtis,10
Spanish Fly,Fudge Tunnel,10
Unda Da Influence Snippets,M Sane,10
I Love No One But You,Don Gibson,10
In This Legacy,Monty Are I,10
Las CadenasLive 2005 remastering Live,Selena,10
Den Mporo Na Figo,Angela Dimitriou,10
September Song,The Chico Hamilton Quintet With Fred Katz Paul Horn John Pisano Carson Smith,10
Dengoso,Turibio Santos,10
Jack's Lament,The All American Rejects,10
O Dikos Sou DJ,Imiskoubria,10
American Lovebite,Dons,10
VolcAn,KALIMBA,10
Air: My Lagan Love,Willie Clancy,10
Kettle Black,BLEED THE SKY,10
Life,Vinylbase,10
The Wedding,Brian Dullaghan,10
He Was Here,Scott Krippayne,10
Process to decelerate,Inhume,10
All Purpose Experiment,Controlled Dissonance,10
Ode To Billie Joe  Live  Fillmore West,King Curtis,10
Palmer enquAate,Alexandre Desplat,10
Subterranean Homesick Alien,Radiohead,10
Eastern Magic,Jah Debda,10
Wigue,Dobet GnahorAc,10
Eimsbush bis 0711,Dynamite Deluxe,10
Suar Agung,Megadrums,10
Kill Your Darlings,Soulwax,10
Coleman's No 1  Ton Double Fisel  Kiely Cotter's  How We Spent the Christmas,Moving Cloud,10
Empire Falls,Primordial,10
More,The Crystal Method,10
Heaven's Hung In Black Reprise,WASP,10
Succotash,Claw Hammer,10
Start Moving,Sal Mineo,10
SincAcritAc feat Ludo,Leila Chicot,10
Me vuelves loco,Caballo Dorado,10
Guardian Angel,Since The Flood,10
Judge Harsh Blues Tk 1,Furry Lewis,10
Birth Of The Falls,Stephen Warbeck,10
Supreme Girl,The Sterns,10
The Kangaroo Theory,Edelweiss,10
My Baby Don't Wear No Shoes,Roy Carrier,10
Band Intro Pila Song Intro,Max Stalling,10
Summer Of Love,Novaspace,10
Duo Liu Yi Hui,Daniel Chan,10
Numba 1 Tide Is High,Kardinal Offishall  Keri Hilson,10
In My Heart,Paul Avgerinos,10
Mon coeur s'ouvre A  ta voix,Marilyn Horne  Wiener Opernorchester  Henry Lewis,10
Messiaen : Et exspecto resurrectionem mortuorum : IV Ils ressusciteront glorieux avec un nom nouveau,Pierre Boulez,10
It Makes No Difference Now,Billie Jo Spears,10
When I Grow Up,Fever Ray,10
Midnight,Joe Satriani,10
Beneath The Valley Of The Underdog Album Version  Hidden Track Talkin' Randy Tate's,Mudhoney,10
Poppin' Them Thangs,GUnit,10
Domingo Valdovinos,Los Originales De San Juan,10
Hard Times feat Floyd Jones,Sunnyland Slim,10
Shadows That Move,Mastodon,10
Medicine,Bobaflex,10
Just Between The Two Of Us,Charlie Louvin,10
Balle Balle,Sukhbir,10
Si Tu Regresas,Jay PAcrez,10
Good Girl Gone Bad,Rihanna,10
Cabide,Mart'nAlia,10
Dance Dance Dance  Album Version,Crazy Horse,10
No Good In Goodbye,Jason Michael Carroll,10
Problems,The Real Kids,10
Grandma's Spending Christmas with the Superstars,Dr Elmo,10
Amor Maldito,Bambino Ivan Tirado,10
Teenage Baby Digitally Remastered,TBone Walker,10
Frente A Tu Altar,Gran Coquivacoa,10
Come Next Monday,KT Oslin,10
Intro  Hello Young Lovers Live 2000 Digital Remaster,Bobby Darin,10
Crying Time,Commander Cody And His Lost Planet Airmen,10
Go And Wash Those Dirty Feet,Johnny Horton,10
Itinerario,Clementina De Jesus,10
Crazy,Aynsley Lister,10
Don't let go,Pacha Massive,10
Cerca  ExtraAo,Entre RAos,10
The Killing Of Dumbledore Harry Potter  The HalfBlood Prince,Nicholas Hooper,10
Somewhere In Between,The Jackson Southernaires,10
A B Is A B Edited,NWA,10
Tuggathanug,Legion Of Green Men,10
Why,Xmilk,10
Stranger,True Believers,10
Ridin' High,The Impressions,10
I'll Be Your Light Ian Nieman Remix,Kristine W,10
Hound Dog,Big Mama Thornton with Kansas Bill and his Orchestra,10
Las Murallas De JericA3,David Summers,10
Doctor Of Hearts Album Version,THE CHIFFONS,10
Suan Shu,Candy Lo,10
I Applaud You  LP Version,Liquid Gang,10
Don't Want To Know 1999 Digital Remaster,Bryan Ferry,10
River Is Waiting,Irma Thomas,10
Someday Immune Album Version,Soul Embraced,10
Play The Part,Eyes Set to Kill,10
What It Do,JR Writer Jha Jha,10
Have Yourself A Merry Little Christmas LP Version,George Huff,10
Si Tu Me Dices Ven,Isabel Pantoja,10
Kickstart My Heart Album Version,Between The Buried And Me,10
How To Say Rip Them Off Repeat After Me,Melt Banana,10
Sandpolskan,Ale MAPller,10
Tell Me Partner,Mike Bloomfield,10
UltraFunk,Los Amigos Invisibles,10
Jesus Is Coming Soon,Blind Willie Johnson,10
Mi CorazA3n Y Mi Mente,Bobby Pulido,10
I Am Your Mother Too,Keb' Mo',10
This Ain't Pleasure,L7,10
Arrivederci Roma,Sergio Franchi,10
Pata Pata,Vusi Mahlasela,10
I Still Haven't Found What I'm Looking For,Mariano Yanani,10
Platoon Goons,Snowgoons,10
Destiny,Buju Banton,10
Los Conguitos,Mongo Santamaria,10
People Never Give Up,Curtis Mayfield,10
The Urban Gospel,Shade Sheist  NUNE  King Arthur,10
We Who Finish Last,Shai Hulud,10
If I Know You,The Presets,10
Dame Un Besito Version Salsa,Andy  Lucas,10
Feel Better,California Oranges,10
Ven Morena,Orquesta AragA3n,10
Michaelangelo,23rd Turnoff,10
Sunday Cream,Juan Farcik,10
Gullveig,Black Messiah,10
Healed LP Version,Shirley Caesar,10
Unchain Us,Don Campbell,10
Perfidia,Eddie Jones,10
Red is the Rose,Joe Heaney,10
Music Is The Healing Force Of The Universe,Albert Ayler,10
Cross The Bridge,Beenie Man,10
Gotta Mind To Travel,Coco Montoya,10
Tokyo Freeze,iTAL tEK,10
Country Preacher,Jimmy Johnson,10
Sweet By And By,The Jordanaires,10
Life Force,Vanessa Daou,10
Emerald,Bedrock,10
02'15',Karlheinz Stockhausen,10
Vos No Confiaste,2 Minutos,10
Piano Sonata No 28 in A Op 101 1993 Digital Remaster: III    Adagio ma non troppo,Solomon,10
Ring The Alarm,BeyoncAc,10
Slow Poke,Pee Wee King,10
Perdido 1999 Digital Remaster,Sam Butera  The Witnesses,10
Heartbreaker,Ray Charles,10
666lb Bongsession,Bongzilla,10
Ni Shi Wo Xin Zhong Yi Ju Jing Tan,Elva Hsiao,10
Mon Legionnaire,Marcel Azzola,10
Everytime,Britney Spears,10
Inaudible Melodies,Jack Johnson,10
Tastes So Good To Me,Cross Country,10
Underlying Lies,Scott Matthews,10
It's A Secret,Mungo Jerry,10
Lonely No More,Humble Pie,10
Beyond the Light,Aberdeen,10
Red Balloon,We Show Up On Radar,10
Angel 2004,Neema,10
Pitch In OnA Party,DJ Quik,10
eskomolto,Pagan Wanderer Lu,10
A Legend In My Time,Don Gibson,10
Son Sabroso,Gran Coquivacoa,10
Whatever It Took,XRaided,10
Into Hiding,Amorphis,10
Rhapsody In Blue,Arthur FiedlerEarl WildPasquale Cardillo,10
The Letter That Johnny Walker Read,Asleep At The Wheel,10
Thresh Hold,Uphill Battle,10
Ella Speed,Rick Ross,10
Unemployed Black Astronaut,Busdriver,10
The Friendly Visit  The Stack of Wheat  The Gypsy Hornpipe,Joe Derrane Frankie Gavin Brian McGrath,10
Money Blues,Joanna Connor,10
In A Subtle Way,Jacob Young,10
Rock Steady,Bad Company,10
Cheer Up Smile Nertz,Eddie Cantor,10
La java bleue,BAczu,10
Hermitage,Pat Metheny,10
The Emperor Falls,John Wesley,10
The Greed Of Our Stare,Hatesex,10
Wanna Hurt Mase Album Version,Mase,10
Raggy Road,Capleton,10
A Man Can Only Stand Just So Much Pain Bonus Track,Tony Joe White,10
Rubies Pearls And Emeralds,Tin Hat Trio,10
English House,Fleet Foxes,10
The Line,The Small Knives,10
Forbidden Fruit,Pursuit Of Happiness,10
Sympathy,Thomas Battenstein,10
Bullet Proof  I Wish I Was Acoustic,Radiohead,10
Breakin' Dishes,Rihanna,10
BBoy Stance,KOS,10
Vertigo,U2,10
Everything I Need,All Girl Summer Fun Band,10
Je Sais Que La Terre Est Plate,RaphaAl,10
Obsession,Rainforest Trio,10
My Funny Valentine,Arturo Sandoval,10
Ina Your Rights,Aswad,10
Rang De Basanti,Daler MehndiChitra,10
Couldn't Stand The Weather,Stevie Ray Vaughan And Double Trouble,10
Love Like This,Natasha Bedingfield,10
Ma Zui,Candy Lo,10
I've Got You Under My Skin,Louis Prima And Keely Smith,10
White Light,Gorillaz,10
19th Nervous Breakdown,Jason  The Scorchers,10
Born Again,The Freedom,10
N'ayez crainte mesdames,Fred Merpol,10
Love My Way,William Orbit,10
Quiero,Juana Molina,10
Been Fighting Devilz,Snowgoons,10
Electric Phase  Hot 'n' Ready  Pack It Up 'n' Go  Cherry  Out In The Street  Let It Roll  Too Hot To Handle,UFO,10
Sing Boy Sing,Tommy Sands,10
Das ist mein Viertel,Eko Fresh feat Capkekz,10
Peace,Billy Higgins,10
Pic  Run,Adam Richmond,10
Jah Keep Us There,Rising Lion,10
Yesss Lord,Perfection,10
Why can't we live together,Sin Plomo,10
Temple Bells,Aeoliah,10
Nie Wieder Toktok RMX,Pyranja,10
Banzai Washout,Way Out West,10
Ms Marseilles,John Brown,10
The Other Side Of That Hill,Barbara Fairchild,10
Slaughter The Gods,The Accursed,10
Everchanging,Rise Against,10
BAckAsi tAncdallamok,Muzsikas,10
Standing In The Darkness,Alias,10
Baby Baby Baby,Bob Margolin,10
King Of Pain,The Police,10
Dichoso,Willie Bobo,10
Un vestido y un amor en vivo,Andres Calamaro,10
Paragon Rag  LP Version,Joshua Rifkin,10
All My Senses,Mando Diao,10
Reason,Novembre,10
Rollercoaster Ride,Aaron Watson,10
All For Nothing,Since The Flood,10
Phase 1972,SaarbrA14cken Radio Symphony Orchestra,10
East West,Thomas Battenstein,10
Un Garcon Pas Comme Les Autres Ziggy,CAcline Dion,10
Going Under,Devo,10
You Make Me Feel So Good,Simon Harris,10
Smile,Marvin Sapp,10
Smile,Heavenly,10
Katie,Mary Black,10
Old Man Rocking Chair,John Williams,10
Tonight,Swami,10
Two Tickets To Paradise,Eddie Money,10
Setting Fire to Sleeping Giants,The Dillinger Escape Plan,10
Cuento De La Buena Pipa,Las NiAas,10
Criteria,Shaggy,10
Believe In What I Say,Cookies,10
Sanity Fades,Steel Rain,10
Thrill Me,Simply Red,10
Doesn't Matter Where You Are Intocable,Aleks Syntek,10
Swing Spring,Bill Perkins,10
Storm,The Pharcyde,10
Adelante,Isabel Pantoja,10
Just A Phase,Incubus,10
Le systAme solaire,SANSHIRO,10
Street Crab,Helmet,10
Ice Or Fire,Bob Margolin,10
Lullaby,Dixie Chicks,10
Goor,Plaza,10
Chivalry,Usher featuring Jermaine Dupri,10
Turn Your Eyes Upon Jesus,Kathy Troccoli,10
Scandalon,Michael Card,10
Fuckaz,The Bug Featuring Spaceape,10
No Ordinary Love Remastered LP Version,Deftones,10
City Headache,Scott Matthews,10
Tabernacle Song,Fake Problems,10
Rock The House Explicit,Gorillaz,10
Chemistry,Michael Stanley Band,10
I don't Want to Be Alone Tonight,Jauida,10
Wrong Decision Instrumental,Vrse Murphy,10
My Melody Of Love,Ray Conniff,10
1 Allegro,Eduardo Fernandez  Norbert Blume  English Chamber Orchestra  George Malcolm,10
Amores Cobardes,Andy  Lucas,10
McHattie's Waltz,The Waybacks,10
Little Silver Bells,Elton Britt,10
Wartime Blues,Blind Lemon Jefferson,10
Pish Tash,Mish Mash,10
Another World Album Version,Richard Hell  The Voidoids,10
I RememberGreat Is Thy Faithfulness,Kathy Troccoli with Aaron Jeoffrey,10
Blott En Dag,Mons Leidvin Takle,10
El Chorro,Los AutAcnticos Decadentes,10
Cai dentro,Gabriel Grossi,10
American Dreams,Charlie Haden,10
San Xuan,Hevia,10
Animal Crimes,Mad Are Sane The,10
Left Alone,Philip Glass,10
Danote,Darko,10
Oversleeping,themselves,10
Drowning In Public Approval,Malefaction,10
Second Hand Rose,Roy Drusky,10
More to This,Information Society,10
When I Think Of You,Janet Jackson,10
Sellotape Flowers,Geiom,10
Someday My Luck Will Change,Clarence Gatemouth Brown,10
Komm Computer,FrlMenke,10
Zhi Xiang Ni hui Yi,Hacken Lee,10
Cycle Time,Liars,10
New Morning Live,Nick Cave  The Bad Seeds,10
Milagre Dos Peixes Musica Incidental: Cais Music Incidental: San Vicente,Cesar Camargo MarianoHelio Delmiro,10
More Than Words,Tom Barabas,10
My Harlem Lullaby Album Version,Mase,10
Curiosity,The Jets,10
Los Pintores,La Charanga Rubalcaba,10
I'll Meet You By The River Southern Convention Songs Version,Bill  Gloria Gaither,10
Meditacao,JoAPSo Gilberto,10
Greater,Vanessa Bell Armstrong,10
I Remember,Patrick Lamb,10
Les choses,Edgar Bori,10
Soon Come 2002 Digital Remaster,Peter Tosh,10
Horn Webb,Art Ensemble Of Chicago,10
22 Vingt Deux Feat Ours,Lily Allen Featuring Ours,10
Was Machst Du Mit Dem Knie Lieber Hans,GA14nter Noris,10
Es klappert die MA14hle,Frederik,10
The Gary Selchie  Solas,Bill Laswell,10
Bonita,Barbara Lusch,10
If Money Talks,Jason  The Scorchers,10
Eddie's Pad,Tom Collier,10
Killed By Love,Pursuit Of Happiness,10
CNN War Theme,Monster Magnet,10
The Boss,Lady May,10
Halt mich,Herbstrock,10
IA'm Throwing Rice,Eddy Arnold,10
Cowboy Ways,James Hunter,10
A Little Louder,DJ Icey,10
Caught In A Dream,Tesla,10
Too Much Fun,Commander Cody And His Lost Planet Airmen,10
Complain,Ayo,10
Heart it Races Yacht's I Should Coco Mix,Architecture In Helsinki,10
I See God,Johnny Nash,10
Dans Ces Villes,Julie Zenatti,10
The Dropsonde,Caspian,10
Turnpike,Halfway to Gone,10
Because You Loved Me Theme from Up Close and Personal,CAcline Dion,10
The Way We Were,The London Pops Orchestra,10
One King Album Version,David Phelps,10
A Simple Desultory Philippic Or How I Was Robert McNamara'd Into Submission,Simon  Garfunkel,10
Yesterday,Brasilian Tropical Orchestra,10
Sparrow Remastered Album Version,Noel Harrison,10
The tears I cried,Lara  The Gumbo Lickers,10
OvanlAr,BrAPderna Djup,10
Big World,David Saylor,10
The Thrill Is Gone,Jude Taylor  His Burning Flames,10
Ocean Size Demo,Jane's Addiction,10
Oh Oh Oh Baby,Checkers,10
Demain au menu,Pascal Lejeune,10
Banho De Amor,Moraes Moreira,10
Si Tu Veux Le Savoir,Marc Lavoine,10
Everything Changes,Soular,10
Girl You're So Together,Michael Jackson,10
We Sleep Forever Live,Aiden,10
4 Words To Choke Upon,Bullet For My Valentine,10
Rue de Nantes,Oldelaf et Monsieur D,10
The Haunting,The Misfits,10
56 Days,Pride Tiger,10
In A Dead World Album Version,Killswitch Engage,10
Fire Orange Factory Dub,Dolce Orange Factory,10
Heaven's In New York,Wyclef Jean,10
Nostalgia for Infinity,Jonn Serrie,10
Floating,Blue Rodeo,10
Noises,Taal,10
Twist and Shout,The ShangriLas,10
Ville Eyolf,Black Debbath,10
Run's House,RUNDMC,10
I Used To Couldn't Dance Tight Pants,Eagles Of Death Metal,10
3,Britney Spears,10
When It Stings,Pictures of Then,10
Was Ich Von Mir Denke,Der Plan,10
Maria Morena,AndrAc Verchuren,10
Kashmiri Love Song,Rudolph Valentino,10
Patricia,Mighty Mighty Bosstones,10
Infidel,Delta 9,10
Better,Vivian,10
Who Do You Roll With  LP Version,New Direction,10
Don't It make Your Troubles Seem Small Album Version,Soul Asylum,10
Titan,The Bongo Man,10
Big Woman,Washboard Sam,10
Untitled,Rhian Sheehan,10
Intro,Styles P,10
Fried Neck Bones And Some Home Fries,Santana,10
Straight Coats,Kokane,10
Reaching For The Best,The Exciters,10
Someday I Will Understand,Britney Spears,10
Andale,Los Traileros Del Norte,10
Proud,Korn,10
Les Rats,Ramses,10
Slum Goddess Originally Performed by The Fugs,The Meatmen,10
Jag Vet En Dejlig Rosa,Thomas Battenstein,10
Fat Albert's Car,Bill Cosby,10
Meeran Sad Laeen Je Toon,Faiz Ali Faiz,10
The 4th Dimension LP Version,Devo,10
To My Niechciani,Molesta Ewenement,10
Im Moving On,The Hit Factory,10
Stumble,REM,10
Dutty Wine,Tony Matterhorn,10
RendezVous,Harry Diboula,10
Mis calles de arena,FabiAn,10
Procession,Vangelis,10
Violence in Fluid Triceratops,Arsonists Get All The Girls,10
Aneurysm,Nirvana,10
Bad Man Story,Beenie Man,10
Little Bluebird,Little Milton,10
Knocked Out Of The Park,John Davis,10
Jody,Eddie Turner,10
Jesus,Gran Coquivacoa,10
Como Boomerang,Juan Carlos Baglietto,10
Babes In Arms,April Wine,10
Pottajenkka,Elakelaiset,10
Your Love Takes Good Care Of Me,The Jordanaires,10
Everybody,Goose,10
Sunday Driver  LP Version,The Gufs,10
Indiscreet,Roger Williams,10
Paralyzed,The Cardigans,10
Alpha Beta Parking Lot,Cake,10
Brasas Vivas,Nelson Ned,10
WHEN I AM YOU,Panzer AG,10
Oye,Gertrudis,10
Hired Security,The Harvard Lampoon Comedians,10
TELL ME WHY,George Nooks,10
Luminous Bliss,Atman,10
Have you got a Minute to spare,Mikey Dread,10
Go Tell It On The Mountain,Michelle Wright,10
Please Come Home For Christmas,Southside Johnny Lyon,10
Sa La Re Wo Di Luo Mi Qu Yu Zhu Li Ye,Sammi Cheng,10
Forever,Chris Brown,10
Journey To Love,Stanley Clarke,10
I'm Your Money 12'' Extended Version 2006 Digital Remaster,Heaven 17,10
baby Wayo,African Rhythm Messengers,10
Hey Joe,Roy Buchanan,10
Wasted Days And Wasted Nights,Roy Drusky,10
OT Skit,Cam'Ron,10
Rodriguez Pena,Jo Privat,10
Don't Go Knockin' On My Door,Britney Spears,10
Strange Things,Tanto Metro  Devonte,10
Adios Mi Corazon,Herb Alpert And The Tijuana Brass,10
Leave You In The Hands,The Jackson Southernaires,10
Guard Your Grill LP Version,Naughty By Nature,10
When The Levee Breaks,WASP,10
Coven In Charing Cross,Coven,10
Your Love,Mikey Dread,10
Etre Le Premier,JeanJacques Goldman,10
Atom x,Dub Wiser,10
Sudenkorento Life On Mars,Hector,10
Shining,Swans Of Avon,10
Out Of The Danger Zone Degarmo And Key Album Version,DeGarmo  Key,10
Revelations:  Visions In A Dream,Tom Cochrane,10
Dept Of Youth,Pretty Boy Floyd,10
Seuraavassa elAmAssA,Kaija Koo,10
Running in Place,Walter Trout,10
FrAres de sang feat Meiway,Aurlus MabAclAc,10
Gone,Frankie J,10
Steel Guiter Stomp,Hank Penny,10
Dem a Talk,Kiprich,10
Heft,Fastway,10
The Heavenly Place,THE CHIFFONS,10
Melody,Kerson,10
Should've Said No,Taylor Swift,10
See The Big Man Cry,Charlie Louvin,10
Boogaloo Wow,Mongo Santamaria,10
Absolute Horizon,Byzantine,10
Midnight Star,Luna Orbit Project,10
In The Name Of God Gentle Revolution Album Version,Scott Krippayne,10
Holly  The Ivy Album Version,Danny Wright,10
One Year Six Months,Yellowcard,10
Todo Tiene Su Fin,Dyango,10
Swan Lake,Brazilian Tropical Orchestra,10
Jump N Shout Featuring Slarta John Radio Edit,Basement Jaxx,10
You Appearing,M83,10
Te Hacen Falta Vitaminas,Soda Stereo,10
Still Ballin,Messy Marv featuring Clover Geez,10
Got To Let You Go,Kim Wilson,10
He That Dwelleth Psalm 91 In My Dreams Album Version,Daryl Coley,10
Life Upon The Wicked Stage,Sophie Tucker,10
Career Suicide CD,The Cliks,10
One Less Bell To Answer,Brazilian Tropical Orchestra,10
Fool,Cartel,10
Step 2 It,Pinch feat Rudey Lee,10
Getting Old Sucks Album Version,Bill Engvall,10
OuASSa,Maysa,10
Beautiful Lies,Eddie,10
Man Man,Jacky Cheung,10
Io Vivo,Piero Esteriore,10
Up on the House Top,The Jordanaires  Orion,10
Wailin',OutKast,10
Neon Psychedelia,Sweet,10
valid,Riamiwo,10
Curse Of Sound Dub Mix,Vuneny,10
Farenheit 303,Orbital,10
Sugar Coated Lover,Geiom Ft Marita,10
La Bamba,The Tokens,10
Do Your Will Album Version,The Rance Allen Group,10
Volvere,OV7,10
Solemn,Scott Glasgow,10
Megaton BBoy 2000 LP Version,Handsome Boy Modeling School,10
Held Der Tastatur,Melanie And The Secret Army,10
En La Soledad,Tito Rodriguez,10
Ella Weez,Leroy Hutson,10
Autumn Leaves 1999 Digital Remaster,Louis Prima And Keely Smith,10
Belleza Pasajera,Tam Tam Go,10
Silence,Mothers Pride,10
Carre Cutia,HAclio Ziskind,10
My Chickasay Girl,Roy Rogers,10
La Machine,Pascal Obispo,10
Dale Darrell Waltrip Richard Petty Rusty Awesome Bill Irvin Gordon Earnhardt SmithJohnson Jr Live,Tim Wilson,10
Do Or Die,Coolio Da Unda Dogg,10
Dragonfly,Connemara Stone Company,10
Times Square,T Lavitz,10
Shuo Ni Ai Wo,Will Pan,10
Stinky Breath,Blingtones,10
Adios Pampa Mia,Los Iracundos,10
Pedazo De Idiota,Mercedes Castro,10
I'm Gonna Make Her Mine  Original,Billy Butler,10
Smpty spaces missing units,Pitch Black,10
La Fruta Bomba,Fruko Y Sus Tesos,10
Flesh And Blood,Mary Black,10
It's Bad For Me Album Version,The Roches,10
Nomades Monades,Frederic Galliano,10
Para Que Recordar,La Billo Los MelA3dicos,10
Natural 2002 Digital Remaster,ARRESTED DEVELOPMENT,10
Ongoing Plague,Malefaction,10
Check the bomb,Refractory,10
They Have a Name,The Chap,10
Pop A Cap In Yo' Ass,Ben Watt feat Estelle,10
Father Time Album Version,D'Molls,10
Keep on dancin' Last man standin',Alex Gopher,10
Sfm,Basement Jaxx,10
Rise  Shine,The Cardigans,10
Man Of No Reputation,Bob Carlisle,10
Are You Happy Album Version,Drop Dead Gorgeous,10
Crazy Circles,Bad Company,10
I Got A Seecret,Redman,10
Story Of An Artist Don't Be Scared,Daniel Johnston,10
Alligator Come Across Live,Jets,10
Ancient Airs and Dances 1996 Digital Remaster Suite No 2: III  Campanae parisienses anon  Aria Marin Mersenne,Sir Neville Marriner,10
Singing  BowlsSaxophone  Voice,Jane Winther,10
Kitteldags,Finntroll,10
Freak,Stephen Pearcy,10
Back Into Business,Milo,10
Stagger Lee,Nick Cave  The Bad Seeds,10
Suffer,Hoods,10
Bury Me,Ashes to Ashes,10
Falling Stars,Desert Dwellers,10
Solamente Una Vez,Nana Caymmi,10
CHOKECHAIN Amended Album Version,3OH3,10
Nice 'N' Easy,Charlie Rich,10
Bubble Music,Cam'Ron,10
Tiempos Dificiles,Juan Carlos Baglietto,10
Natty Dread Up Town,The Twinkle Brothers,10
Salamanders In The Sun,Steve Vai,10
Rock Star LP Version,Zapp,10
Black Lung Album Version,Rancid,10
Ni Gota De Rencor,Pablo Montero,10
Future,Cut Copy,10
Red,Zebra,10
Stereophonic Presentation  Kokoro Pt 5,Roger Reynolds,10
Where Youth And Laughter Go,Broadcast,10
A Fall Song,Cross Country,10
Melodia Simple,La Mancha De Rolando,10
El Chisme De La Cuchara,Los Munequitos de Matanzas,10
The Beat Of My Heart,Eliane Elias,10
Lost,Roger Sanchez,10
Somebody Sweet,John D Loudermilk,10
The Daddy,Mario Rosenstock,10
Manzenera,Adam Ant,10
After One Quarter Of A Revolution,Every Time I Die,10
All Things Must Pass 2009 Digital Remaster,George Harrison,10
Slave Song,Sade,10
Uptown,Camp Lo,10
Watch Out for The Birdsongs,Goldfish,10
Saylarvee LP Version,Small Faces,10
Introitus: Requiem: Dies Irae,Kuijken Kwartet,10
Bald Head,Professor Longhair,10
I Can Dig It,The Box Tops,10
Betrayal Is A Symptom,Thrice,10
What is the best,Jah Legacy,10
Whiskey on the Fire,Aaron Watson,10
Monkey Junction,Weedeater,10
Are You Putting Me On The Shelf,Don  Juan,10
The Way I Am,Eminem,10
All I Really Want,Premiums,10
Como Olvidar Merengue VersiA3n,Olga TaAA3n,10
Addison Faceplant,ZTrip,10
Skeletons Live Acoustic Version,Rickie Lee Jones,10
Zeigt her eure FA14Ae,Spieluhrmelodien,10
This Heart Of Mine,Josh White,10
Love the One You're With,Glen Washington,10
Ballad In Urgency,The Black Crowes,10
Dig Up Her Bones,The Misfits,10
Tainted Love feat Tatz,NG3,10
Times Up,DJ Spinn,10
Have fi pray,Wilks featuring jah mason,10
Finisterre Live,Mau Mau,10
A Puro Dolor,Roberto Perera,10
Summer Rain,James Last,10
